Company Name,Description,Area,Reasoning,Company Domain,Company Description,Company Year Founded,Company Website,Company Number of Employees,Company Revenue,Company linkedin URL,Total Funding Amount,Total Number of Rounds,Last Round/Event Amount,Last Round/Event Type,Last Round/Event Date,IPO Status,Company Main Industry,Company Sub Industry,Company SIC (Standard Industrial Classification),Company NAIC (North American Industry Classification),Company Specialties,Company Continent,Company Country,Company City,Company Country ISO
Aidoc,AI radiology triage for faster diagnostics,AI reducing information asymmetry,AI radiology triage for faster diagnostics,,,,,,,,,,,,,,,,,,,,,,
Alison.ai,Data-driven creative insights for marketing,AI reducing information asymmetry,Data-driven creative insights for marketing,alison.ai,"Alison.ai is an AI-powered creative workflow platform that revolutionizes video ad creation. We use advanced algorithms to analyze existing creatives, generate data-driven strategies, and produce high-performing video content. Our goal is to simplify the advertising process and deliver exceptional results for our clients.
Our unique SaaS technology allows businesses to identify their top-performing elements in creatives, get full-funnel data, and perform intelligent competitive analysis. 

Stop the guesswork and start making results-driven creatives!

Learn more about Alison at www.alison.ai or email us at asaf@alison.ai for more info.",,https://alison.ai,11-50,$250M - $500M,https://www.linkedin.com/company/alison-ai,$18.4M,2.0,13300000.0,Seed Round,,False,"Technology, Information & Media",Software Development,7371 Custom computer programming services,541511 Custom Computer Programming Services,,Asia,Israel,Tel Aviv,IL
Anima Biotech,AI for mRNA translation drug discovery,AI reducing information asymmetry,AI for mRNA translation drug discovery,,,,,,,,,,,,,,,,,,,,,,
Bananaz,AI-powered design QA & collaboration platform,AI reducing information asymmetry,AI-powered design QA & collaboration platform,,,,,,,,,,,,,,,,,,,,,,
Binah.ai,Extracts vital signs from video for health monitoring,AI reducing information asymmetry,Extracts vital signs from video for health monitoring,,,,,,,,,,,,,,,,,,,,,,
Botika,Generative imagery for product photos in fashion retail,AI reducing information asymmetry,Generative imagery for product photos in fashion retail,botika.io,"Fashion retail is no longer just about clothes. Success requires a combination of innovation and creative use of technology. Botika harnesses the power of Generative AI to help fashion retailers create stunning product photos. 

Using Botika's AI-generated fashion models, retailers can transform their existing photos into a range of professional, studio-grade product images, reducing photo production costs and time to market.

Botika unites a team of experts with vast experience in Computer Vision, Artificial Intelligence, Media, and B2B software products - we are committed to transforming the fashion industry through the use of synthetic media.",2020.0,https://botika.io,11-50,,https://www.linkedin.com/company/botika-io,$8M,3.0,8000000.0,Seed Round,,False,"Technology, Information & Media",Software Development,7371 Custom computer programming services,541511 Custom Computer Programming Services,artificial intelligent,Asia,Israel,Tel Aviv,IL
Buildots,AI progress-tracking & analytics for construction,AI applied to traditional industries,AI progress-tracking & analytics for construction,,,,,,,,,,,,,,,,,,,,,,
C2A Security,Real-time vehicle cybersecurity analytics,AI reducing information asymmetry,Real-time vehicle cybersecurity analytics,,,,,,,,,,,,,,,,,,,,,,
Civ Robotics,Robotic surveying for construction sites,New physical capabilities,Robotic surveying for construction sites,,,,,,,,,,,,,,,,,,,,,,
ControlMonkey,Autonomous Terraform & infrastructure governance,AI reducing information asymmetry,Autonomous Terraform & infrastructure governance,controlmonkey.io,"ControlMonkey is the only fully end-to-end Terraform automation platform. 
From AI-powered code generation to best-in-class automations, we give cloud teams a powerful, unified way to visualize, spin-up, automate and govern cloud infrastructure – end-to-end, at any scale, for any future.",2022.0,https://controlmonkey.io,11-50,,https://www.linkedin.com/company/controlmonkey,$7M,2.0,7000000.0,Seed Round,,False,"Technology, Information & Media",Software Development,7371 Custom computer programming services,541511 Custom Computer Programming Services,"awp, cloud governance, development and operations engineering, eac, opentofu, security compliance, sre, terraform",Asia,Israel,Tel Aviv,IL
CropX,Soil-sensing & irrigation optimization,AI reducing information asymmetry,Soil-sensing & irrigation optimization,,,,,,,,,,,,,,,,,,,,,,
CytoReason,Multi-omics models for drug R&D,AI reducing information asymmetry,Multi-omics models for drug R&D,,,,,,,,,,,,,,,,,,,,,,
DayTwo,Microbiome-based nutrition insights,AI reducing information asymmetry,Microbiome-based nutrition insights,,,,,,,,,,,,,,,,,,,,,,
Diagnostic Robotics,AI triage & patient routing,AI reducing information asymmetry,AI triage & patient routing,,,,,,,,,,,,,,,,,,,,,,
Fermata,Computer vision greenhouse monitoring,AI applied to traditional industries,Computer vision greenhouse monitoring,fermata.tech,"Fermata builds AI-powered decision support systems for precise plant monitoring in greenhouses &  indoor farms utilizing computer vision analysis. 
Our Croptimus platform automatically discovers pests and disease at their earliest stages, helping our customers to spend less time scouting while increasing their yield.",2020.0,https://fermata.tech,11-50,$10M - $50M,https://www.linkedin.com/company/fermatatech,$14.6M,6.0,10000000.0,Series A,,False,"Technology, Information & Media",Software Development,7371 Custom computer programming services,541511 Custom Computer Programming Services,"agriculture, agriculture technology, agtech, artificial intelligent, cannabis, computer vision",Asia,Israel,Tel Aviv,IL
Fintica AI,Autonomous analytics for capital markets,AI reducing information asymmetry,Autonomous analytics for capital markets,fintica-ai.com,"Fintica AI is an Israeli Fintech & Deeptech company that is building next generation Autonomous AI for global capital markets.
The firm develops unique AI-based investment & risk decision-support tools, associated intelligent market data feeds and predictive analytics for Investment Managers, Markets Infrastructure and Global Data Vendors

To learn more visit www.fintica-ai.com or email enquiry@fintica-ai.com.",2019.0,https://fintica-ai.com,11-50,$10M - $50M,https://www.linkedin.com/company/fintica,,3.0,,Corporate Round,,False,"Technology, Information & Media",Software Development,7371 Custom computer programming services,541511 Custom Computer Programming Services,"artificial intelligent, compliance, data science, financial markets, market surveillance, predictive analytics",Asia,Israel,Tel Aviv,IL
Guardz,Unified SMB security with AI risk scoring,AI reducing information asymmetry,Unified SMB security with AI risk scoring,,,,,,,,,,,,,,,,,,,,,,
Lendai,AI underwriting for overseas property investors,AI reducing information asymmetry,AI underwriting for overseas property investors,,,,,,,,,,,,,,,,,,,,,,
MarketTeam.ai,Autonomous marketing agents,AI reducing information asymmetry,Autonomous marketing agents,,,,,,,,,,,,,,,,,,,,,,
MIND,AI-based data loss prevention,AI reducing information asymmetry,AI-based data loss prevention,,,,,,,,,,,,,,,,,,,,,,
Notch.cx,Autonomous customer-support workflows,AI reducing information asymmetry,Autonomous customer-support workflows,,,,,,,,,,,,,,,,,,,,,,
Olive Diagnostics,Continuous urinalysis via IoT and AI,AI reducing information asymmetry,Continuous urinalysis via IoT and AI,,,,,,,,,,,,,,,,,,,,,,
Pepticom,AI design of therapeutic peptides,AI reducing information asymmetry,AI design of therapeutic peptides,,,,,,,,,,,,,,,,,,,,,,
ProteanTecs,Electronics health monitoring using on-chip agents,AI reducing information asymmetry,Electronics health monitoring using on-chip agents,,,,,,,,,,,,,,,,,,,,,,
SeeTree,Deep-sensing & analytics for orchards,AI applied to traditional industries,Deep-sensing & analytics for orchards,,,,,,,,,,,,,,,,,,,,,,
Superlegal,AI contract review for SMBs,AI reducing information asymmetry,AI contract review for SMBs,,,,,,,,,,,,,,,,,,,,,,
Tonic Security,AI threat landscape mapping and stress-testing,AI reducing information asymmetry,AI threat landscape mapping and stress-testing,,,,,,,,,,,,,,,,,,,,,,
Trigo,Autonomous checkout & inventory analytics,AI applied to traditional industries,Autonomous checkout & inventory analytics,,,,,,,,,,,,,,,,,,,,,,
Volumez,Data infrastructure-as-code,AI reducing information asymmetry,Data infrastructure-as-code,volumez.com,"Volumez’ Data Infrastructure as a Service (DIaaS) is a platform that composes cloud resources and intelligently orchestrates them using balanced system configurations to build a data infrastructure tailored to a workload’s specific requirements. DIaaS provides a unique, performant, resilient, scalable, and cost-efficient solution designed for data-intensive workloads on any cloud. The platform’s innovative architecture, controller-less design and declarative Data Infrastructure as Code (DIaC), simplifies storage deployment and dynamically adjusts to changing service levels of the workload or infrastructure based on business needs. The result is a composable and predictable DIaaS that delivers real value to organizations through guaranteed extreme performance and ultra-low latency with enterprise-grade data resilience at optimized cloud costs. Volumez is available on the AWS Marketplace, Azure Marketplace, and Oracle Cloud Marketplace.

Volumez is named one of The 50 Coolest Software-Defined Storage Vendors of 2025 by CRN. 

Volumez has been recognized as one of Israel’s Top 50 Startups for three consecutive years, as featured by The Marker, Calcalist, and Globes. 

Volumez Announces Completion of $40 Million Series A Funding to Revolutionize Cloud-Aware Data Infrastructure on July 10, 2024.",2020.0,https://volumez.com,11-50,,https://www.linkedin.com/company/volumez,$40M,3.0,20000000.0,Series A,,False,"Technology, Information & Media",Software Development,7371 Custom computer programming services,541511 Custom Computer Programming Services,,Asia,Israel,Tel Aviv,IL
Addionics,3D-structured electrode design for batteries,New physical capabilities,3D-structured electrode design for batteries,,,,,,,,,,,,,,,,,,,,,,
Aleph Farms,Cultivated meat from animal cells,New physical capabilities,Cultivated meat from animal cells,,,,,,,,,,,,,,,,,,,,,,
Airobotics,Fully automated industrial inspection drones,New physical capabilities,Fully automated industrial inspection drones,,,,,,,,,,,,,,,,,,,,,,
Arbe Robotics,4D imaging radar for autonomous vehicles,New physical capabilities,4D imaging radar for autonomous vehicles,,,,,,,,,,,,,,,,,,,,,,
Augmedics,AR surgical guidance for spine procedures,New physical capabilities,AR surgical guidance for spine procedures,,,,,,,,,,,,,,,,,,,,,,
BionicHIVE,Mobile warehouse robots,New physical capabilities,Mobile warehouse robots,,,,,,,,,,,,,,,,,,,,,,
BlueWhite Robotics,Autonomous tractors for agriculture,New physical capabilities,Autonomous tractors for agriculture,,,,,,,,,,,,,,,,,,,,,,
ECOncrete,Bio-enhancing concrete for marine structures,New physical capabilities,Bio-enhancing concrete for marine structures,,,,,,,,,,,,,,,,,,,,,,
Electreon,Wireless road-embedded EV charging,New physical capabilities,Wireless road-embedded EV charging,,,,,,,,,,,,,,,,,,,,,,
Flytrex,Drone delivery network,New physical capabilities,Drone delivery network,,,,,,,,,,,,,,,,,,,,,,
HevenDrones,Heavy-lift drones for logistics,New physical capabilities,Heavy-lift drones for logistics,,,,,,,,,,,,,,,,,,,,,,
Indoor Robotics,Indoor security/maintenance drones,New physical capabilities,Indoor security/maintenance drones,,,,,,,,,,,,,,,,,,,,,,
InfiniDome,GPS anti-jamming protection for drones and vehicles,New physical capabilities,GPS anti-jamming protection for drones and vehicles,,,,,,,,,,,,,,,,,,,,,,
Innoviz Technologies,Solid-state LiDAR for autonomous vehicles,New physical capabilities,Solid-state LiDAR for autonomous vehicles,,,,,,,,,,,,,,,,,,,,,,
Irregular (Pattern Labs),AI safety stress-testing for models,AI reducing information asymmetry,AI safety stress-testing for models,,,,,,,,,,,,,,,,,,,,,,
Lightbits Labs,NVMe-over-TCP data storage infrastructure,AI reducing information asymmetry,NVMe-over-TCP data storage infrastructure,,,,,,,,,,,,,,,,,,,,,,
MetoMotion,Greenhouse harvesting robots,New physical capabilities,Greenhouse harvesting robots,,,,,,,,,,,,,,,,,,,,,,
Nanosono,Nanotechnology-based antimicrobial coatings,New physical capabilities,Nanotechnology-based antimicrobial coatings,,,,,,,,,,,,,,,,,,,,,,
Neteera,Contactless vital-sign monitoring sensors,New physical capabilities,Contactless vital-sign monitoring sensors,,,,,,,,,,,,,,,,,,,,,,
Percepto,Autonomous drone-in-a-box for industrial sites,New physical capabilities,Autonomous drone-in-a-box for industrial sites,,,,,,,,,,,,,,,,,,,,,,
Quantum Source,Photonic quantum computing hardware,New physical capabilities,Photonic quantum computing hardware,,,,,,,,,,,,,,,,,,,,,,
Redefine Meat,3D-printed plant-based meat,New physical capabilities,3D-printed plant-based meat,,,,,,,,,,,,,,,,,,,,,,
Ride Vision,AI hazard detection for motorcyclists,AI applied to traditional industries,AI hazard detection for motorcyclists,ride.vision,Ride Vision develops an Advanced Rider Assistance System (ARAS) for preventing  motorbike accidents by utilizing advanced computer vision & AI algorithms and without disturbing the riders' focus.,,https://ride.vision,11-50,,https://www.linkedin.com/company/ridevision,$9.5M,3.0,,Series A,,False,"Technology, Information & Media",Software Development,7371 Custom computer programming services,541511 Custom Computer Programming Services,"adas, akka, artificial intelligent, automotive, computer vision, edge computing, motorsport, neural networks, powered two wheelers, security, sensor fusion, smart mobility",Asia,Israel,Herzliya,IL
Sight Diagnostics,Portable AI-enabled blood analyzers,New physical capabilities,Portable AI-enabled blood analyzers,,,,,,,,,,,,,,,,,,,,,,
StoreDot,Extreme-fast charging lithium batteries,New physical capabilities,Extreme-fast charging lithium batteries,,,,,,,,,,,,,,,,,,,,,,
TytoCare,Remote physical exam devices,New physical capabilities,Remote physical exam devices,,,,,,,,,,,,,,,,,,,,,,
Watergen,Atmospheric water generators,New physical capabilities,Atmospheric water generators,,,,,,,,,,,,,,,,,,,,,,
Wevo Energy,Smart EV charging management,AI applied to traditional industries,Smart EV charging management,wevo.energy,"Wevo Energy is a global software supplier to CPOs and EV service providers, delivering an industry leading software platform to optimize EV charging. The company’s cloud based platform enables charge point operators and building owners to easily and effectively manage EV charging at apartment complexes, workplaces, commercial properties and destination charging applications. Using cutting edge data science and AI, Wevo learns driver behavior to orchestrate the ideal charging schedule while minimizing costs and taking advantage of grid incentives. 

Wevo's load management technology maximizes existing building infrastructure by intelligently allocating power where and when it's needed most, allowing sites to install more charging stations without expensive infrastructure upgrades. Our smart algorithms learn drivers' behaviors and create an optimal charging schedule - charging when rates are lowest and ensuring that the vehicle is fully charged by the time it's needed.",2021.0,https://wevo.energy,11-50,,https://www.linkedin.com/company/wevo-energy,,1.0,,Seed Round,,False,"Technology, Information & Media",Software Development,7371 Custom computer programming services,541511 Custom Computer Programming Services,,Asia,Israel,Ein Vered,IL
WINT Water Intelligence,AI leak detection and prevention,AI applied to traditional industries,AI leak detection and prevention,,,,,,,,,,,,,,,,,,,,,,
Agrematch,AI discovery of crop protection molecules,AI applied to traditional industries,AI discovery of crop protection molecules,,,,,,,,,,,,,,,,,,,,,,
BigBI,AI analytics for SMB decision-making,AI reducing information asymmetry,AI analytics for SMB decision-making,bigbi.io,"BigBI studio is a no-code Spark big data analytics solution built for BI/AI Analysts. We provide the full power of Apache Spark (an open-source unified analytics engine for large-scale data processing).
 
Our solution provides all the power and features of Apache Spark, without the need to write code. BI/AI analysts Could build big data pipelines themselves, in hours instead of weeks or months- visually & interactively.",2018.0,https://bigbi.io,1-10,,https://www.linkedin.com/company/bigbi-software,,,,,,,"Technology, Information & Media",Software Development,,,"artificial intelligent, big data, hadoop, machine learning, mlops, no-code development, spark, streaming",Asia,Israel,Tel Aviv,IL
Culception,AI for property due-diligence,AI reducing information asymmetry,AI for property due-diligence,culception.com,"Culception is a precision Ag-Tech company that takes the guesswork out of farming. Our real-time insights platform enables farmers to operate at lower risk and lower costs, and create higher yields.",2019.0,https://culception.com,11-50,$50M - $100M,https://www.linkedin.com/company/culception,,,,,,,"Technology, Information & Media",Software Development,7371 Custom computer programming services,541511 Custom Computer Programming Services,,Asia,Israel,Tel Aviv,IL
Fieldin,Operations dashboard for orchards/farms,AI applied to traditional industries,Operations dashboard for orchards/farms,,,,,,,,,,,,,,,,,,,,,,
Hydrolight,Wave energy harvesters for clean power,AI applied to traditional industries,Wave energy harvesters for clean power,,,,,,,,,,,,,,,,,,,,,,
Identick,AI-driven packaging authentication,AI reducing information asymmetry,AI-driven packaging authentication,identick.com,"Identick redefines the B2B online experience by personalizing website content in real-time to
help drive conversion rates. Using a proprietary technology, we conduct a deep
analysis of our customers' website traffic to reveal the companies who visited their site and
display segment-specific content, based on the visitor's organizational profile.

Microsoft for Startups alumni (Viable Program).
Y-Combinator Startup School 2018 network.",2018.0,https://identick.com,1-10,,https://www.linkedin.com/company/identick,,,,,,,"Technology, Information & Media",Software Development,,,,Asia,Israel,Tel Aviv,IL
Imagry,Vision-based autonomous driving stack,AI applied to traditional industries,Vision-based autonomous driving stack,,,,,,,,,,,,,,,,,,,,,,
Medframe,AI medical data management,AI reducing information asymmetry,AI medical data management,medframe.io,"Medframe was developed to help companies build trusted medical AI. We provide customers with tools for creating high-quality training datasets, controlling labeling errors, and managing the entire data preparation lifecycle.",2020.0,https://medframe.io,11-50,,https://www.linkedin.com/company/med-frame,$90k,2.0,25000.0,Non Equity Assistance,2020-08-12,False,"Technology, Information & Media",Software Development,7371 Custom computer programming services,541511 Custom Computer Programming Services,,Asia,Israel,Tel Aviv,IL
NeuraLight,Digital biomarkers for neurological diseases,AI reducing information asymmetry,Digital biomarkers for neurological diseases,neuralight.ai,"NeuraLight is developing a software-based platform for eye movement analysis, providing an objective and sensitive tool in neurodegenerative diseases.
Our platform is successfully used in several CNS clinical trials, presenting the ability of using eye movement analysis to differentiate patients from healthy subjects, stratify different subgroups, and monitor disease progression.",2021.0,https://neuralight.ai,11-50,$10M - $50M,https://www.linkedin.com/company/neuralight,$30.5M,2.0,25000000.0,Series A,,False,"Technology, Information & Media",Software Development,7371 Custom computer programming services,541511 Custom Computer Programming Services,,Asia,Israel,Tel Aviv,IL
Noma Security,"Protects enterprise AI models ([Startup Fund - English Innovation Site](https://innovationisrael.org.il/en/programs/startup-fund/#:~:text=,R%26D%20teams%20in%20Tel%20Aviv))",AI reducing information asymmetry,"Protects enterprise AI models ([Startup Fund - English Innovation Site](https://innovationisrael.org.il/en/programs/startup-fund/#:~:text=,R%26D%20teams%20in%20Tel%20Aviv))",,,,,,,,,,,,,,,,,,,,,,
OpenApp Israel,Smart lock and building-access systems,AI applied to traditional industries,Smart lock and building-access systems,openapp.co.il,"OpenApp deals within these domains: 

► Open Source LMS - ­ We are specialist in integration and development in open source LMS systems. OpenApp is the leading company in Israel that supports the Academy LMS system implementation, and develop, integrate and support LMS in companies such as Delta, Ceragon, Bezeq, El ­Al, Colmobil, Tidhar and more. 

► Hospital Multimedia Systems, this system is a smart integration of Open­Source tools and code that the company developed. The system lets every hospital visitor get TV channels, VOD, Internet and games near his bed. Some of the services are not free and can simply be ordered through the credit­card. The whole system ­ including connections to credit­card companies and billing ­ is maintained by OpenApp LTD. To “feel” the system you can watch the attached movie here. (http://openapp.co.il/tp/) 

► Custom made Web Applications for special applications that have special requirements that aren’t found on CMSes. For these cases we use PHP Frameworks. These technologies allow us to use standards in coding and databases and make the code easier to read/change and maintain. These applications includes BI on data that is collected from multiple sources, automation of reports emails and more.",2008.0,https://openapp.co.il,11-50,$10M - $50M,https://www.linkedin.com/company/atar-plpl,,,,,,,"Technology, Information & Media",Software Development,,,"drupal, joomla, moodle",Asia,Israel,Jerusalem,IL
Parspec,AI-powered construction procurement,AI applied to traditional industries,AI-powered construction procurement,,,,,,,,,,,,,,,,,,,,,,
Prospera,Vision & AI for greenhouse crops,AI applied to traditional industries,Vision & AI for greenhouse crops,,,,,,,,,,,,,,,,,,,,,,
Scalera.ai,AI agents automating construction workflows,AI applied to traditional industries,AI agents automating construction workflows,,,,,,,,,,,,,,,,,,,,,,
Spine,AI-based solutions for spinal injury rehab,AI reducing information asymmetry,AI-based solutions for spinal injury rehab,spine.co.il,"Spine delivers a SaaS platform that enable service providers to offer applications that will increase their average revenue per customer and attract new customers. Spine provides hosting providers with a platform so they can offer a variety of rich end user applications (such as inventory management, HR portals, logistics, business admin, collaboration) in addition to existing infrastructure services (shared web hosting, email hosting, database hosting, VPS, VDS, VDI etc.)",2005.0,https://spine.co.il,1-10,,https://www.linkedin.com/company/spine,,,,,,,"Technology, Information & Media",Software Development,7371 Custom computer programming services,541511 Custom Computer Programming Services,software services,Asia,Israel,,IL
Tipa,Compostable packaging materials,AI applied to traditional industries,Compostable packaging materials,,,,,,,,,,,,,,,,,,,,,,
Kardome,Voice separation technology for noisy environments,AI reducing information asymmetry,Voice separation technology for noisy environments,kardome.com,"Kardome’s patented Spatial Hearing technology simultaneously enhances speech signals from multiple speakers in real time, isolating the target speech with unsurpassed accuracy and enabling users to achieve high-quality results.

Kardome knows who is talking, where they're located, and what they're saying.

Kardome was established in 2019 by a team of enthusiastic and passionate researchers with vast experience in algorithms and acoustics. We are motivated and dedicated to making voice-controlled devices usable in all environments.

Visit our Website  Kardome.com to learn more or contact us at Info@kardome.com",2019.0,https://kardome.com,1-10,$10M - $50M,https://www.linkedin.com/company/kardome,$13.3M,6.0,10000000.0,Series A,2023-03-01,False,"Technology, Information & Media",Software Development,7371 Custom computer programming services,541511 Custom Computer Programming Services,"speech recognition, voice, voice recognition, voice technology",Asia,Israel,Tel Aviv,IL
SWAPP.AI,AI for automating architectural planning,AI applied to traditional industries,AI for automating architectural planning,swapp.fashion,"SWAPP’s platform automates the most cumbersome and error-prone architectural planning phase: the production of construction documents (CD).

SWAPP clients benefit from completing multiple projects simultaneously at a high speed and focusing more on creative planning and less on tedious repetitive manual labor.

By combining algorithms, human expertise and end-to-end customer support, firms using SWAPP are reaching unprecedented goals and significantly increase both their gross margin and productivity.

Learn more about us on our website >> www.swapp.ai",2019.0,https://swapp.fashion,11-50,$1M - $10M,https://www.linkedin.com/company/buildos,$18.5M,4.0,11500000.0,Series A,,False,"Technology, Information & Media",Software Development,7371 Custom computer programming services,541511 Custom Computer Programming Services,"architecture, architecture and planning, archviz, artificial intelligent, automation, build outs, building information modeling, building permits, commercial heating ventilation and air conditioning, computational design, construction, construction documents, contech, coworking, cre, design development, education, fit out, mep planning, multifamily, office, prop tech, property technology, real estate, residential development, schematic design, test fits, workspace",Asia,Israel,Tel Aviv,IL
Argmax,AI optimization models (consultancy),AI reducing information asymmetry,AI optimization models (consultancy),argmax.ml,"🚀 Focused on being your extended Data Science team, Argmax is your full service consultancy to develop custom ML/AI solutions across advertising, marketing and financial sectors. 

Our sweet spot is building recommendation systems to enhance any system that needs to match the right ads or products to consumers. With the enhancements of AI, we've expanded our services to specialize in AI matching solutions leveraging LLMs, Vector Search, and Image Processing. 

Our multidisciplinary team, consisting of top-tier data scientists can build custom applications with on-the-ground technical assistance or act as your strategic ML/AI thought partners, as an extension of your team. 

We believe AI will revolutionize every industry. Staying ahead with cutting-edge advancements to create top-tier solutions is our mission.",2020.0,https://argmax.ml,1-10,$50M - $100M,https://www.linkedin.com/company/argmax,,,,,,,"Technology, Information & Media",Software Development,7371 Custom computer programming services,541511 Custom Computer Programming Services,"artificial intelligence matching, artificial intelligent, churn prediction, computer vision, data science, dynamic pricing, large language models, lead scoring, machine learning, natural language processing, personalized search, professional services, programmatic advertising, real time bidding, recommender systems, text classification, time series analysis, vector search",Asia,Israel,Ramat Gan,IL
FleetCopter,Long-range heavy-lift industrial drones,New physical capabilities,Long-range heavy-lift industrial drones,fleetcopter.com,"Capturing the action, anytime, anywhere!",2020.0,https://fleetcopter.com,1-10,,https://www.linkedin.com/company/fleetcopter,$250k,1.0,250000.0,Pre Seed Round,,False,"Technology, Information & Media",Software Development,,,,Asia,Israel,Petaẖ Tiqva,IL
Picafuel,Cloud-based fuel management analytics,AI applied to traditional industries,Cloud-based fuel management analytics,picafuel.com,"Picafuel is a SaaS fleet payment platform revolutionizing operations in the fuel retail industry. Our comprehensive platform offers fleet card management, mobile payments, customer engagement, and loyalty solutions. Picafuel helps retailers cut costs, improve margins, and prevent fuel fraud effectively.

Beyond card management, our platform drives innovation, allowing retailers to customize pricing, introduce new products, and enhance operations. With Picafuel's e-mobility capabilities, fuel retailers gain the tools to grow their business and stay ahead in an evolving market.",2017.0,https://picafuel.com,11-50,$1 - $1M,https://www.linkedin.com/company/picafuel,,,,,,,"Technology, Information & Media",Software Development,7371 Custom computer programming services,541511 Custom Computer Programming Services,"computer vision, deep learning, fleet card management, fleet payments, fuel retail, fuel retail solutions, loyalty programs, targeted marketing",Asia,Israel,Tel Aviv,IL
Sainnovation,Autonomous/AI-enabled systems (unspecified),New physical capabilities,Autonomous/AI-enabled systems (unspecified),sainnovation.com,"SAInnovation is a world-class cutting-edge development firm with expertise in leveraging technology to solve business challenges and create new opportunities.

Our core strengths:
- Agile methodology of 3 months development cycles
- Ad hock tailored team of top Israeli talent assembled per project
- From design to execution, we excel at fast, high-quality DELIVERY

We partner up with companies, adjusting technology to solve business challenges and create new opportunities: Learning the Partner company's existing processes, needs, and challenges, collaboratively designing a simple digital product to solve them, and Dissecting and executing the development plan in our 3 months microproject methodology.

As our process focuses on the highest level of delivery, to each micro project, based on Its complexity, SAInnovation assembles a team of top Israeli talents, each expert in their own field.",2022.0,https://sainnovation.com,1-10,,https://www.linkedin.com/company/sainnovation,,,,,,,"Technology, Information & Media",Software Development,7371 Custom computer programming services,541511 Custom Computer Programming Services,"big data, business intelligence, cloud, cyber security, software development",Asia,Israel,Yavné,IL
CorrActions,AI detecting driver cognitive distractions,AI reducing information asymmetry,AI detecting driver cognitive distractions,corractions.com,"The first Driver NeuroMonitoring System: multi-symptom brain activity monitor, software-only, highly accurate, privacy centric, market validated.",,https://corractions.com,11-50,,https://www.linkedin.com/company/corractions,$9.9M,3.0,7250000.0,Series A,,False,"Technology, Information & Media",Software Development,7371 Custom computer programming services,541511 Custom Computer Programming Services,,Asia,Israel,Tel Aviv,IL
Sightec,Real-time vision analytics for airborne vehicles,AI reducing information asymmetry,Real-time vision analytics for airborne vehicles,sightec.com,"Sightec is dedicated to solving the myriad technical problems posed by computer vision & AI as it relates to autonomous flights.
The Company's solutions combine sophisticated proprietary algorithms with deep learning technology that put very powerful and complex vision systems into a cost-effective, lightweight package that requires minimal processing power and energy to run.
Sightec Offering's benefits include: 
Safe Mobility:
* Vision-based Orientation & Navigation (GPS-free) 
* Safe & Accurate Landing
Real-time Inspection:
* Autonomous Detection & Tracking of ground and aerial objects Real-time
* Monitoring & Inspection of critical infrastructure",2010.0,https://sightec.com,11-50,$10M - $50M,https://www.linkedin.com/company/sightec,$6.8M,6.0,2000000.0,Seed Round,2021-10-06,False,"Technology, Information & Media",Software Development,7371 Custom computer programming services,541511 Custom Computer Programming Services,"artificial intelligent, computer vision, deep learning, drones, image processing, unmanned systems",Asia,Israel,Ramat Gan,IL
SafeRide Technologies,Predictive analytics for vehicle fleets,AI reducing information asymmetry,Predictive analytics for vehicle fleets,,,,,,,,,,,,,,,,,,,,,,
CLEW,Predictive-care platform for hospitals/ICUs,AI reducing information asymmetry,Predictive-care platform for hospitals/ICUs,clewmed.com,"CLEW provides an intelligent clinical surveillance platform powered by FDA-cleared, Class II AI predictions that enables decision support for complex clinical scenarios and anticipates patient deterioration with remarkable accuracy so that care teams can deploy the necessary countermeasures and optimize care. CLEW integrates and combines key clinical data from the EHR, bedside monitors, and any connected medical device associated with the patient to provide a consolidated clinical view and is virtually rounded upon by the platform in near real-time. This allows for better allocation of essential clinical resources across the system by giving caregivers the necessary information to act based on what is physically happening with a patient, rather than just relying on rounding schedules, and expected patient care pathways. This not only leads to better patient outcomes but also illustrates its effectiveness by improving patient throughput and reducing LOS.  Overall, CLEW's unique real-time intelligence improves access to care and capacity in all key areas of a hospital, including the ICUs, ED, PACU and monitored med-surg units, by getting patients the right resources and identifying the right level of care, faster.

This allows for the optimization of essential clinical resources across the system by giving caregivers the information to act based on what is physically happening with a patient, rather than just relying on rounding schedules and expected patient care pathways. 

It also improves access to care and capacity in key areas, including the ICUs, ED, PACU and monitored med-surg units, by getting patients the right resources and identifying the right level of care, faster.",2014.0,https://clewmed.com,11-50,,https://www.linkedin.com/company/clewmed,$20.5M,3.0,10000000.0,Series B,,False,"Technology, Information & Media",Software Development,7371 Custom computer programming services,541511 Custom Computer Programming Services,"big data, capacity management, critical care, machine learning, predictive analytics, telehealth, telemedicine",Asia,Israel,Netanya,IL
Clarity,Decision intelligence platform,AI reducing information asymmetry,Decision intelligence platform,getclarity.ai,"Clarity is an AI cybersecurity startup that protects leading organizations against deepfake vectors accelerated by the rapid adoption of Generative AI, namely hiring fraud. Its patent-pending technology detects AI manipulations throughout the hiring process by analyzing candidate profiles, video interviews, and each applicant's identity - ensuring that you never hire a fraud candidate.",2022.0,https://getclarity.ai,11-50,,https://www.linkedin.com/company/getclarity-ai,$16M,2.0,16000000.0,Seed Round,,False,"Technology, Information & Media",Software Development,7371 Custom computer programming services,541511 Custom Computer Programming Services,"artificial intelligent, cyber, deepfakes, software, synthetic media",Asia,Israel,Tel Aviv,IL
STOREE.AI,AI retail-intelligence platform,AI applied to traditional industries,AI retail-intelligence platform,storee.ai,"STOREE.AI is a cloud-native B2B SaaS platform that outperforms any workforce management tool on the market. Why? Because it’s a data-driven, all-in-one store management solution that uses AI to keep your team performing at their best — fully aligned with your brand’s values, aspirations, and unique DNA.",2018.0,https://storee.ai,11-50,,https://www.linkedin.com/company/storee-ai,$13M,5.0,8000000.0,Seed Round,2017-01-10,False,"Technology, Information & Media",Software Development,7371 Custom computer programming services,541511 Custom Computer Programming Services,,Asia,Israel,Tel Aviv,IL
SeismicAI,Earthquake early-warning analytics,AI applied to traditional industries,Earthquake early-warning analytics,seismicai.com,"SeismicAI develops real-time #earthquake early warning systems (EEW) based on real-time #seismology and AI. SeismicAI solutions ensure business continuity, damage mitigation and #disaster preparedness. They can reduce 50% of the nonstructural damage caused by #earthquakes, for businesses and public organizations.

Leveraging proprietary seismic algorithms, our #EEW system covers the full earthquake early warning cycle – from monitoring and reporting, through alerts, to triggering automated preventive actions. 

SeismicAI emergency #alert system is deployed worldwide. The company partners with various universities, research institutes and civil organizations to save lives and infrastructure. Its technology was developed by leading seismology and business experts worldwide.",2014.0,https://seismicai.com,11-50,,https://www.linkedin.com/company/seismicai,,,,,,,"Technology, Information & Media",Software Development,7371 Custom computer programming services,541511 Custom Computer Programming Services,"artificial intelligent, disaster management, disaster preparedness, earthquake early warning, earthquake early warning system, earthquake engineering, emergency alert systems, emergency preparedness, hsa, machine learning, neural networks, seismology, servo, tsunami early warning",Asia,Israel,Tel Aviv,IL
SeismicAI,Earthquake early warning system using AI,AI reducing information asymmetry / AI for traditional industries,Predicts earthquakes using geophysical data,seismicai.com,"SeismicAI develops real-time #earthquake early warning systems (EEW) based on real-time #seismology and AI. SeismicAI solutions ensure business continuity, damage mitigation and #disaster preparedness. They can reduce 50% of the nonstructural damage caused by #earthquakes, for businesses and public organizations.

Leveraging proprietary seismic algorithms, our #EEW system covers the full earthquake early warning cycle – from monitoring and reporting, through alerts, to triggering automated preventive actions. 

SeismicAI emergency #alert system is deployed worldwide. The company partners with various universities, research institutes and civil organizations to save lives and infrastructure. Its technology was developed by leading seismology and business experts worldwide.",2014.0,https://seismicai.com,11-50,,https://www.linkedin.com/company/seismicai,,,,,,,"Technology, Information & Media",Software Development,7371 Custom computer programming services,541511 Custom Computer Programming Services,"artificial intelligent, disaster management, disaster preparedness, earthquake early warning, earthquake early warning system, earthquake engineering, emergency alert systems, emergency preparedness, hsa, machine learning, neural networks, seismology, servo, tsunami early warning",Asia,Israel,Tel Aviv,IL
Presenso,Predictive maintenance for industrial machines,AI reducing information asymmetry / AI for traditional industries,Predictive analytics for industrial maintenance,,,,,,,,,,,,,,,,,,,,,,
ParKam,Smart parking guidance and enforcement,AI reducing information asymmetry / AI for traditional industries,AI parking management system,parkam-ip.com,"ParKam was formed to disrupt the parking industry and deliver a unique, ground-breaking, holistic solution to resolve the acute ever-growing problem of parking in large parking complexes and busy metro areas.

While numerous companies are specializing in one aspect of the parking solution, ParKam already offers a holistic, fully automated, 100% accurate, patent solution, second to none.

Our unique, innovative, holistic solution is based on Real Time Image Processing. To find the best available parking spot we use our innovative proprietary algorithms, which process footage from cameras that are already installed or will be installed by ParKam where necessary. 

Unlike other solutions, we only need one simple camera for up to 100 parking spots.

ParKam is the only completely independent, fully automated working parking application in the market, which does not rely on users for crowd sourcing solutions.

Using ParKam, drivers are guaranteed to always arrive to an available parking spot.",2014.0,https://parkam-ip.com,11-50,,https://www.linkedin.com/company/parkam,,,,,,,"Technology, Information & Media",Software Development,7371 Custom computer programming services,541511 Custom Computer Programming Services,"artificial intelligent, computer vision, smart cities, smart mobility",Asia,Israel,Tel Aviv,IL
MaterialsZone,Materials discovery and data platform,AI reducing information asymmetry / AI for traditional industries,AI-driven materials science platform,,,,,,,,,,,,,,,,,,,,,,
insoundz,AI audio separation technology,AI reducing information asymmetry,Isolates voices in noisy environments,insoundz.com,"insoundz is a leader in AI-driven enterprise audio solutions, providing customized, scalable models through its GenAI Audio Factory to address challenges like voice enhancement, noise removal, and stem separation. Utilizing automated, data-optimized technology, insoundz delivers real-time and ubiquitous audio solutions that seamlessly integrate across industries, enhancing communications, streaming, and media. By empowering businesses to efficiently scale their audio capabilities via cloud and edge SDKs, insoundz drives success with secure, high-quality audio tailored to meet diverse needs.",2016.0,https://insoundz.com,11-50,$50M - $100M,https://www.linkedin.com/company/insoundz,$19.4M,6.0,5000000.0,Funding Round,2021-06-01,False,"Technology, Information & Media",Software Development,7371 Custom computer programming services,541511 Custom Computer Programming Services,"3d audio, artificial intelligence agents, artificial intelligence solutions, audio, audio design, audio software, augmented reality, broadcast, content creation, media and entertainment, software services, virtual reality, voice artificial intelligence",Asia,Israel,Tel Aviv,IL
Greeneye Technology,AI weed detection for precision spraying,AI reducing information asymmetry / AI for traditional industries,Selective spraying in agriculture using AI,greeneye.ag,"Greeneye provides an alternative and sustainable solution for the current crop protection practice in order to meet the globally growing demand for food while increasing the profitability and productivity for farmers.

Greeneye utilizes artificial intelligence and deep learning technology to revolutionize the pest control process in agriculture, transitioning from the current practice of broadcast and wasteful spraying of pesticides to precise spraying in real-time.

Greeneye’s proprietary selective spraying (SPP) system turns every sprayer into a smart machine with seamless integration, our solution enables farmers to save up to 90% of their chemical cost.
In addition to the substantial savings, we also capture and analyze sub-mm images from the field, providing farmers with the deepest insight in their field.

The next revolution in agriculture will be based on technology and precision agriculture. Today, farmers around the world are exposed to countless solutions and technologies that aim to recommend how to increase their productivity. We think that the next step is to transition from a recommendation to a decision-based solution.

Greeneye is a leading technology company with a focus on precision agriculture, established in 2017 and based in Tel-Aviv, Israel. Greeneye has a multidisciplinary team with expertise in computer vision, artificial intelligence, agronomy, mechanical engineering, spraying applications, etc. We work with an extraordinary group of talented and visionary people who are committed to providing sustainable solutions for farmers around the world. Greeneye is backed by world-renowned investors, the last round of financing was led by JVP and Syngenta venture.",2017.0,https://greeneye.ag,11-50,$10M - $50M,https://www.linkedin.com/company/greeneye-technology,$51M,7.0,,Corporate Round,2024-04-17,False,"Technology, Information & Media",Software Development,7371 Custom computer programming services,541511 Custom Computer Programming Services,,Asia,Israel,Tel Aviv,IL
Top XR,Mixed-reality solutions for training and design,New physical capabilities / AI reducing information asymmetry,XR solutions for industry,,,,,,,,,,,,,,,,,,,,,,
Virtuoptica,VR optical tech platform,New physical capabilities / AI reducing information asymmetry,VR and AR optical solutions,virtuoptica.com,"Our core capabilities combine brain science, software engineering, and signal processing, to bring eye examination to the next level. Thanks to a patented gamified workflow, Virtuoptica offers a compelling platform to engage the patients in vision assessments.",2017.0,https://virtuoptica.com,1-10,,https://www.linkedin.com/company/virtuoptica,,,,,,,"Technology, Information & Media",Software Development,7371 Custom computer programming services,541511 Custom Computer Programming Services,,Asia,Israel,Karmi’el,IL
Clair Labs,Non-contact vital signs sensor,AI reducing information asymmetry / New physical capabilities,Contactless health monitoring,clairlabs.com,"Clair Labs is shaping the future of proactive healthcare with its novel contact-free vitals sensing technology.
Based on breakthrough deep learning, computer vision and product design we build the holy grail of seamless monitoring.
We envision wide adoption of our medical-grade technology in domains such as sleep disorder diagnosis, at-home pediatric care, chronic disease management, post-discharge patient monitoring and more.",2017.0,https://clairlabs.com,1-10,,https://www.linkedin.com/company/clair-labs,$9M,3.0,,Non Equity Assistance,,False,"Technology, Information & Media",Software Development,7371 Custom computer programming services,541511 Custom Computer Programming Services,,Asia,Israel,Tel Aviv,IL
Tupaia Positioning Solutions,Indoor positioning system for logistics,New physical capabilities / AI for traditional industries,Indoor positioning solutions,tupaia-pos.com,"Tupaia introduces a new paradigm in precise positioning through cutting-edge cloud service.

Tupaia's technology enables centimeter-level accuracy and addresses the increasing demand for accurate positioning in various markets such as IoT, automotive, mobile, robotics, fleets, logistics, and more. 

Our service significantly enhances GNSS receivers' performance, including in the most challenging environments such as densely populated urban areas.",2020.0,https://tupaia-pos.com,1-10,$250M - $500M,https://www.linkedin.com/company/tupaia-pos,,,,,,,"Technology, Information & Media",Software Development,7371 Custom computer programming services,541511 Custom Computer Programming Services,,Asia,Israel,Tel Aviv,IL
InnerEye,Medical imaging segmentation AI,AI reducing information asymmetry,AI segmentation for radiology,innereye.ai,"InnerEye combines human expertise with AI, creating Minded A.I. By transferring human intelligence to AI models, InnerEye supercharges AI applicability, reliability, and decision-making, enhancing organizational performance and trust.",2014.0,https://innereye.ai,11-50,,https://www.linkedin.com/company/innereye,,,,,,,"Technology, Information & Media",Software Development,7371 Custom computer programming services,541511 Custom Computer Programming Services,"artificial intelligent, brain computer interface, cognitive neuroscience, computer vision, deep learning, machine learning",Asia,Israel,Herzliya,IL
Voiceitt,Speech recognition for non-standard speech,AI reducing information asymmetry / New physical capabilities,Translates non-standard speech for accessibility,voiceitt.com,"Join us in building the next-generation voice technology for people with non-standard speech, so they can communicate, be understood, and have a voice.
#speechrecognition #voiceAI #accessibilitymatters 

Voiceitt is an award-winning speech recognition startup and social enterprise that has developed a proprietary automatic speech recognition (ASR) technology that translates non-standard speech patterns into clear speech in real-time. This technology enables children and adults with speech impairments, accented English, or aging voices to access mainstream voice-activated technologies and devices.  

The Israel-based software company is now expanding its business operations in the US Northeast. 

Demo: https://vimeo.com/88557645",2012.0,https://voiceitt.com,11-50,$10M - $50M,https://www.linkedin.com/company/voiceitt,$15.2M,9.0,10000000.0,Series A,2022-12-02,False,"Technology, Information & Media",Software Development,7371 Custom computer programming services,513210 Software Publishers,,Asia,Israel,Ramat Gan,IL
PxE Holographic Imaging,Holographic imaging for diagnostics,New physical capabilities / AI reducing information asymmetry,Holographic imaging technology,pxeimaging.com,"PxE Holographic Imaging has developed a full-stack perception solution, a ground-breaking combination of HW and SW that is deployable to any platform.
It consists of a HoloCoder-enabled camera that sees more information (RGB-IR-Depth) coupled to PxE’s lightning-fast algo for building an accurate model of the world.

Backed by top venture firms, PxE is already working with leading companies to ensure that their products enjoy PxE’s exceptional perception advantage.

We are growing our team, and call highly talented individuals to join our journey in revolutionizing digital imaging and sensing.",,https://pxeimaging.com,1-10,,https://www.linkedin.com/company/pxe-holographic-imaging,$5.4M,3.0,5400000.0,Seed Round,,False,"Technology, Information & Media",Software Development,7371 Custom computer programming services,541511 Custom Computer Programming Services,,Asia,Israel,Reẖovot,IL
BWith AI,Conversational AI knowledge platform,AI reducing information asymmetry,AI platform for knowledge management,bwith.ai,"BWith lets employees select the people they want to be in the office with for making their work more effective and for having a more pleasant time at the office.

It then builds a schedule for every employee in the company, taking into account employee time constraints, manager requirements, office capacity and company policies. 

The result is a tailored schedule, maximizing each employee’s office overlap with the people most important to them.",2021.0,https://bwith.ai,1-10,,https://www.linkedin.com/company/bwith-ai,$1M,1.0,1000000.0,Pre Seed Round,,False,"Technology, Information & Media",Software Development,7371 Custom computer programming services,541511 Custom Computer Programming Services,,Asia,Israel,,IL
AIVF,AI decision support for IVF treatments,AI reducing information asymmetry,AI platform for IVF embryo selection,aivf.co,"AIVF is the leader in a new generation of AI-powered IVF clinics. Our proprietary suite of solutions offers a unique set of tools for digitization and automation of the IVF clinic, helping patients on a smoother, quicker and more accessible path to parenthood.

We are a multidisciplinary team of physicians, embryologists, and computer vision, machine learning and AI experts leading the next generation of IVF.",2018.0,https://aivf.co,11-50,,https://www.linkedin.com/company/aivf,$25M,1.0,25000000.0,Series A,,False,"Technology, Information & Media",Software Development,7371 Custom computer programming services,541511 Custom Computer Programming Services,"algorithms, artificial intelligent, embryology, fertility treatment, ivf",Asia,Israel,Tel Aviv,IL
CASTOR,AI-driven analysis of CAD files for 3D printing,AI reducing information asymmetry / New physical capabilities,Identifies parts suitable for additive manufacturing,3dcastor.com,"CASTOR is an automated 3D printing software enabling manufacturers to identify cost reduction opportunities, utilizing the benefits of industrial 3D printing. The software analyzes thousands of parts at once and provides deep technical analysis for a full machine design while identifying cost reduction opportunities and suggesting geometry changes to the part's design. It estimates the cost and lead-time for each part and connects the manufacturer to a service bureau that can print and supply the part according to requirements. CASTOR's easy-to-customize software helps manufacturers find profitability within 3D printing, fitting their needs like a glove. 


Visit our website to learn more:
www.3dcastor.com",2017.0,https://3dcastor.com,11-50,$50M - $100M,https://www.linkedin.com/company/3dcastor,$5.9M,5.0,,Seed Round,2023-01-19,False,"Technology, Information & Media",Software Development,7371 Custom computer programming services,513210 Software Publishers,"3d printing, additive manufacturing, decision support systems, manufacturing",Asia,Israel,Tel Aviv,IL
BlueCircle.ai,Environmental/industrial AI (details unknown),AI reducing information asymmetry / AI for traditional industries,AI solutions for industrial environmental applications,bluecircle.ai,"Food & Beverage industry uses BlueCircle to optimize their unit cost, eliminate waste and maximize opportunities across the value chain in ever-changing climate and market environment. Trellis is leading a new Vertical SaaS/AI category of optimizing a $9 Trillion climate & weather sensitive business operations.",2018.0,https://bluecircle.ai,11-50,,https://www.linkedin.com/company/bluecircleai,,2.0,,Seed Round,,False,"Technology, Information & Media",Software Development,7371 Custom computer programming services,541511 Custom Computer Programming Services,"agriculture, artificial intelligent, big data, business process optimization, data science, food and beverage, predictive analysis, supply chain optimization",Asia,Israel,Tel Aviv,IL
Purple Lens,AI for visually impaired (assumed),AI reducing information asymmetry,Assistive vision technology,purple-lens.com,"Purple Lens is a web accessibility software solution built for cross platform  websites. Our highly advanced solution will open your website up to hundreds of users who were previously unable to access it. Our SAAS has a variety of features including voice functionality, color contrast, font size adjustment, a virtual keyboard and more.
 
We are a team of entrepreneurs, engineers, web-developers, UX/UI designers and physicians based in Israel dedicated to providing a web accessibility solution to people with disabilities and impairments. We are on a mission to make the internet an environment accessible to everyone. 

Purple Lens is the future of inclusivity and technology services. With our assistive technologies and products, easily implement the plugin onto your site and join us on this journey of creating equal opportunities for all!",2020.0,https://purple-lens.com,1-10,,https://www.linkedin.com/company/purple-lens,,,,,,,"Technology, Information & Media",Software Development,7371 Custom computer programming services,541511 Custom Computer Programming Services,"inclusivity, online tools, plugins, software integration, software services, web accessibility, web design, web development, wordpress",Asia,Israel,Tel Aviv,IL
Logistico,AI platform for logistics optimisation,AI reducing information asymmetry / AI for traditional industries,Optimises last-mile logistics,logistico.co.il,"אנו מקימים פרוייקטים במגוון תחומים ומחברים בין אנשי מקצוע ליצירת מוצר טוב יותר, 
מהקמת אפיון מוצר עד מוצר סופי אנחנו פה איתכם לאורך כל הדרך,
אנו נקים לכם אפליקציות ואתרים מותאמים ורספונסיביים עם שירותי ייעוץ מהטובים ביותר 
הקמה ניהול ותחזוק מסדי נתונים ושרתים מכל התחומים 
אינטגרציה של מערכות חיציות הכוללות שרתים, שירותי אשראי, שירותי אסמס ועוד...",2017.0,https://logistico.co.il,1-10,,https://www.linkedin.com/company/logistico-co-il,,,,,,,"Technology, Information & Media",Software Development,7371 Custom computer programming services,541511 Custom Computer Programming Services,"android apps, electronic commerce websites, facebook, google, instagram, landing pages, pay per click management, scom, whatsapp, youtube channel",Asia,Israel,Ashkelon,IL
Probuild,AI solution for construction management,AI reducing information asymmetry / AI for traditional industries,Construction operations platform,probuild.es,Project management and ERP for large scale construction projects.,,https://probuild.es,11-50,$250M - $500M,https://www.linkedin.com/company/probuild-system,,,,,,,"Technology, Information & Media",Software Development,7371 Custom computer programming services,541511 Custom Computer Programming Services,,Asia,Israel,Petaẖ Tiqva,IL
Pisga MES Solutions,Manufacturing execution system with AI,AI for traditional industries,MES solution with AI optimisation,pisgasys.co.il,Pisga MES Solutions,1997.0,https://pisgasys.co.il,11-50,,https://www.linkedin.com/company/pisga-it-solutions,,,,,,,"Technology, Information & Media",Software Development,7371 Custom computer programming services,541511 Custom Computer Programming Services,,Asia,Israel,,IL
Grofit,Sensor-based irrigation and fertigation system,AI for traditional industries / New physical capabilities,Smart agriculture sensors and analytics,,,,,,,,,,,,,,,,,,,,,,
Neolithics,AI for produce classification and grading,AI reducing information asymmetry / AI for traditional industries,Machine vision classification for agri produce,neolithics.ai,"Neolithics is at the forefront of revolutionizing the fresh produce industry through its cutting-edge QC solutions. Our company specializes in providing automated, non-destructive produce inspection systems that leverage sophisticated food science, advanced AI, and optical technology. By delivering accurate and consistent inspections of both internal and external characteristics at high volumes, we significantly reduce waste, enable premium pricing, and increase ROI, ensuring that more high-quality fruit reaches the end customer.
Founded with the vision of transforming the way fresh produce is inspected and delivered, our pioneering platform offer unparalleled accuracy and efficiency, setting new standards in the industry for quality control and sustainability. 
Our mission at Neolithics is to turn the fresh value chain inside out by delivering exceptional, AI-enabled inspection solutions that improve food quality, reduce waste, and increase profitability for our clients. We strive to make a meaningful impact on the fresh produce industry, one inspection at a time.",2020.0,https://neolithics.ai,11-50,,https://www.linkedin.com/company/thewolf-ai,$3.7M,1.0,3700000.0,Seed Round,,False,"Technology, Information & Media",Software Development,7371 Custom computer programming services,541511 Custom Computer Programming Services,"agriculture, agriculture technology, artificial intelligent, automated, food waste, fruits, quality control, software development, software services",Asia,Israel,Tel Aviv,IL
Oriient,Indoor positioning using Earth's magnetic field,New physical capabilities / AI for traditional industries,Indoor GPS via magnetic signatures,oriient.me,"Oriient delivers hyper-accurate indoor location services without the need for additional hardware installations. Our software-only solution ensures seamless indoor navigation across various environments, including malls, megastores, hospitals, universities, and office buildings.

Capture The Value:

• Basket size increase: Preventing lost revenues from unfound items
• Proximity Marketing: Guide shoppers with precision and personalized offers
• Speed Up Operations: Route optimization reduces picking time and saves labor costs 
• Overall sales growth: Boost sales through precise in-store navigation
• Track Assets: Quickly locate lost or valuable items
• Prevent Fraud: Minimize in-store fraudulent activities

Our solution is designed for effortless integration, eliminating the complexities of installation and maintenance. Experience the convenience of GPS-like accuracy indoors and transform your facility into a more accessible and user-friendly environment.",2017.0,https://oriient.me,11-50,$10M - $50M,https://www.linkedin.com/company/oriient,$15.1M,6.0,,Non Equity Assistance,,False,"Technology, Information & Media",Software Development,7371 Custom computer programming services,541511 Custom Computer Programming Services,"analytics, building operations, gamification, indoor gps, indoor navigation, location based marketing, operations optimization, retail, security",Asia,Israel,Tel Aviv,IL
SenseIT,Sensor platform for environmental and industrial monitoring,New physical capabilities / AI for traditional industries,Smart sensor networks,sense-it.io,"SenseIT is an automated testing platform that simulates a user with disabilities. We are changing the way accessibility testing is performed today by introducing continuous accessibility. This approach executes existing functional tests as accessibility tests by integrating into your development process. With SenseIT, continuous accessibility reduces your time spent on accessibility testing, increases the quality of your product's accessibility and reduces your legal risk.",2018.0,https://sense-it.io,1-10,,https://www.linkedin.com/company/senseitaccess,$120k,1.0,120000.0,Pre Seed Round,,False,"Technology, Information & Media",Software Development,7371 Custom computer programming services,541511 Custom Computer Programming Services,"custom solutions, digital accessibility, inclusion, legal compliance, revenue generation, social, software services, web accessibility",Asia,Israel,Tel Aviv,IL
PickApp Farming,AI & IoT platform for managing orchards,AI for traditional industries,Smart agriculture platform for orchards,pickapp.farm,"PickApp Farming is the world's leading developer of digital farm-activity management solutions. Its flagship product, PickApp, is an all-in-one real-time farm-management SaaS solution.

Farms that use PickApp testify they've been improving their workforce productivity and produce quality, and within a short period of time, increasing their profitability.

At PickApp, our mission is to develop the most reliable and user-friendly data-collection methods and smart-farming tools. And our goal is to allow everyone on the farm to easily make smart data-driven decisions and help the farm-business reach peak performance.

PickApp Farming holds local offices and provides field support in Mexico, Spain, Morocco & Israel.
Global remote support is also available.",2015.0,https://pickapp.farm,11-50,$50M - $100M,https://www.linkedin.com/company/pointer-intelligent-agri-systems-ltd-,,3.0,,Pre Seed Round,,False,"Technology, Information & Media",Software Development,7371 Custom computer programming services,541511 Custom Computer Programming Services,"activity monitoring, agriculture, agriculture technology, analytics, big data, farm management, greenhouse farming, indoor farming, labor productivity, productivity, real-time data, traceability",Asia,Israel,,IL
Mobile Physics,Smartphone-based health diagnostics,New physical capabilities / AI reducing information asymmetry,Smartphone sensors for health metrics,mobilephysics.com,"Mobile Physics EnviroMeter provides current hyper-local environmental information. 
Real-time environment monitoring enables users to understand their exposure to various conditions and influences their health decisions.

No Extra Hardware, Works Offline, Indoors & Outdoors

MOBILEPHYSICS ENVIROMETER SDK allows app developers to add environmental triggers for apps and devices.

MOBILEPHYSICS ENVIRONMENTAL DATA WAREHOUSE AND INSIGHTS is based on high-resolution environmental database serving decision makers worldwide.


TRACKING ALL ENVIRONMENTAL VARIABLES
Mobile Physics EnviroMeter SDK monitors temperature, wind, precipitation, humidity, air quality,
particles pollution, light intensity, UV exposure and noise levels.” 

ISO17025 CERTIFIED
Mobile Physics measurements were scrutinized and proven to be as accurate as the best state-of-the-art measurement devices.

HYPER-LOCAL ACCURACY
Mobile Physics data is derived from hundred thousand stations per city comparing to a few tens of traditional weather stations that serve other data sources.
Such high density allows high regulation database that covers both indoors and outdoors environment.",2016.0,https://mobilephysics.com,11-50,$50M - $100M,https://www.linkedin.com/company/mobile-physics,,,,,,,"Technology, Information & Media",Software Development,7371 Custom computer programming services,541511 Custom Computer Programming Services,,Asia,Israel,Tel Aviv,IL
Verobotics,Robots for skyscraper façade cleaning,New physical capabilities,Autonomous building maintenance robots,verobotics.com,"Verobotics is the first and onlyAutonomous AI-based robotics solution for buildings exterior upkeep, inspection, and maintenance.

Featuring the standard-setting adaptable, reusable, and cost-effective hardware product capable of broad, repeated, and easy deployment.",2021.0,https://verobotics.com,11-50,,https://www.linkedin.com/company/ido-genosar,,1.0,,Non Equity Assistance,,False,"Technology, Information & Media",Software Development,7371 Custom computer programming services,541511 Custom Computer Programming Services,"architecture and engineering, building maintenance, building management, curtains, facades, facility management, green building, internet of things platform, maintenance services, real estate technology, robotics, smart cities",Asia,Israel,Tel Aviv,IL
Tactile Mobility,Road-feel sensing for vehicles,New physical capabilities / AI reducing information asymmetry,Sensing platform for tactile data in vehicles,tactilemobility.com,"Safer, more efficient and enjoyable driving experience, anywhere, anytime – with tactile data.

Feeling the tactility (i.e. dynamics) that is created between a vehicle and the road is key for optimizing safety, user experience, and efficiency, either if a person or a computer drives a vehicle. Tactile Mobility provides smart and autonomous vehicles (AVs) with the missing tactile sensing and data that makes vehicles smarter, roads better, and mobility-ecosystems enhanced.

Solutions
Our tactility-sensing innovation empowers multiple data solutions that maximize safety, user-experience, and driving efficiency in the mobility industry. Already crunched +10,000,000 km, and analyzed +100,000 trips, Tactile Mobility’s platform offers the following value propositions:
- For OEMs - Benefit from the new industry standard in vehicle data. Through our software licensing and data services, OEMs leverage a unique system empowering them to give smart and autonomous vehicles the tactile capacity that augments vision and auditory sensing. The missing sense delivered by Tactile Mobility is central for both smart vehicles (ADAS / level 2-3 AVs) and autonomous vehicles (level 4-5 AVs) alike.
- For mapping companies, road authorities, transport associations, insurers - Benefit from our cloud-based analytics that generates a SurfaceDNA HD map layer of great accuracy and coverage, outlining roadway grades, banking, curvature, and any hazards such as bumps, cracks, and potholes. This level of information is immensely valuable for planned maintenance, real-time hazard detection, post-accident analysis, and more.
- For fleet managers, car manufacturers, part suppliers - Benefit from our hardware and web tool, offering vital information for optimizing fuel consumption, fuel theft detection, route pricing, and preventive maintenance based on our innovative SurfaceDNA and VehicleDNA data models.

For more information go to www.tactilemobility.com or e-mail us at info@tactilemobility.com.",2012.0,https://tactilemobility.com,11-50,$10M - $50M,https://www.linkedin.com/company/tactile-mobility,$36M,3.0,27000000.0,Series C,,False,"Technology, Information & Media",Software Development,7371 Custom computer programming services,541511 Custom Computer Programming Services,"artificial intelligence agents, artificial intelligent, automotive, autonomous driving, autonomous vehicles, big data, fleet management, machine learning, mapping, mobility, odc, sensor fusion, smart cities, technology, transportation",Asia,Israel,Haifa,IL
Mentee Robotics,Humanoid robotics platform,New physical capabilities,Robotics platform for human-like robots,menteebot.com,We build humanoid robots using the latest AI tools.,2022.0,https://menteebot.com,11-50,,https://www.linkedin.com/company/mentee-robotics,$17M,1.0,,,2024-04-17,False,"Technology, Information & Media",Software Development,7371 Custom computer programming services,541511 Custom Computer Programming Services,,Asia,Israel,Herzliya,IL
Axon Vision,AI/computer vision for defense and automotive,AI reducing information asymmetry / New physical capabilities,AI vision solutions for defense,axon-vision.com,"Founded in 2017, Axon Vision is a leader in AI solutions for the defense industry.

The modern battlefield consists of small targets concealed in an urban area. Additionally, current sensors are flooding the human operator with information.

Our technology boosts the effectiveness and survivability of manned & unmanned platforms by increasing situational awareness, speeding decision-making and enabling autonomous capabilities.

Our products are integrated into military-grade platforms, through partnerships with leading multi-national companies.

We uncover the full and uncompromising potential of AI to solve today’s most critical challenges while leading tomorrow’s AI-powered defense technology.",2017.0,https://axon-vision.com,11-50,$50M - $100M,https://www.linkedin.com/company/axon-vision-ltd,$1.5M,1.0,1500000.0,Seed Round,,False,"Technology, Information & Media",Software Development,7371 Custom computer programming services,541511 Custom Computer Programming Services,"anomaly detection, artificial intelligent, computer vision, deep learning, defense, drones, edge artificial intelligence, embedded programming, homeland security, iatf, machine learning",Asia,Israel,Tel Aviv,IL
Axis GPS & Advanced mapping,GPS and mapping technologies,New physical capabilities / AI for traditional industries,Advanced mapping and GPS solutions,,,,,,,,,,,,,,,,,,,,,,
3DFY.ai,AI-driven 3D model generation,New physical capabilities / AI reducing information asymmetry,Generates 3D models using AI,3dfy.ai,"3DFY.ai was established with a clear mission: to develop the first  technology that transforms sparse data like images or text-prompts into a realistic three-dimensional world—at scale.
3DFY.ai’s proprietary, AI-powered, 3D generation pipeline was designed according to two main principles: First, as we do not compromise on 3D asset quality, our entire tech stack is designed to produce 3D models adhering to high quality standards, similar to what a modeler would produce. Furthermore, as we know scale matters, we built our technology with automation at its core, so human labor is eliminated, unlocking limitless 3D asset creations.
Our solutions cater for both individual self-expression and business use cases which require mass generation of 3D models, such as generating large tailored 3D datasets of digital items, or creating 3D virtual objects according to textual prompts. All items are high quality, and generated automatically.",,https://3dfy.ai,1-10,,https://www.linkedin.com/company/3d-fy,,,,,,,"Technology, Information & Media",Software Development,7371 Custom computer programming services,541511 Custom Computer Programming Services,,Asia,Israel,Haifa,IL
SkillReal,AR/VR training simulations,New physical capabilities / AI reducing information asymmetry,Mixed reality training platform,skillreal.com,"SkillReal is developing and selling digital twin alignment technology with on screen AR measurement tool, at sub-mm accuracy, targeting the fast growing digital twins market. 
SkillReal’s patent pending technology, developed and designed especially for complex assemblies and manufacturing lines provides a fully operational, accurate & PLM integrated products. 
Among the company’s customers and partners are fortune 100 companies and leading global manufacturers in Automotive, A&D and other industries. The company is engaged in a strategic partnership with Siemens, the global leading provider of 4.0 software solutions, including joint customers & installations worldwide.",2020.0,https://skillreal.com,11-50,,https://www.linkedin.com/company/skillreal,,,,,,,"Technology, Information & Media",Software Development,7371 Custom computer programming services,541511 Custom Computer Programming Services,"augmented reality, digital twin, employee performance, product lifecycle, quality inspection, work instructions",Asia,Israel,Ramat Gan,IL
ARPHYS,AR hardware for collaborative work,New physical capabilities,Augmented reality hardware,arphys.com,Arphys provides a personalized exercises platform with real-time feedback powered by advanced computer vision.,,https://arphys.com,1-10,$50M - $100M,https://www.linkedin.com/company/professionals-learning-technologies,,,,,,,"Technology, Information & Media",Software Development,7371 Custom computer programming services,541511 Custom Computer Programming Services,,Asia,Israel,Tel Aviv,IL
Bark-Ai,Wearable tech for pet health,New physical capabilities,Smart collar/wearable for pets,bark-ai.com,"Bark AI is the DTC sales optimization platform you didn’t know existed. 

We help you get more sales and more profits using your existing products, audience, and marketing spend.

Here’s how:
- We track the performance of every product, variant, and SKU.
- We analyze which products convert best, which are most profitable, and which deliver the ideal balance.
- We pinpoint which products should get more exposure - and at what price - to maximize total sales and profits.

Here’s the logic: every product has a different conversion rate and generates different profits. The most converting product will get you the highest number of sales from your current media spend. The most profitable product will maximize profit per sale. 

But the real win comes from identifying and promoting the most *efficient* products - the ones that strike the perfect balance between high conversion rates and strong profits. 

Bark calculates these tradeoffs and runs the scenarios daily, so your store is always pushing the most efficient products.

The result: more sales, more profits, better ROAS, better CAC, and more return from the same ad spend.

No training. No onboarding. No ongoing maintenance. Your team's day to day does not change. We automate ongoing processes so daily tasks happen faster and yield better results 

Free 14-day trial. No annual commitment. Results are fast so you’ll know it works before the trial ends.

You can see some of our case studies here: https://bark-ai.com/case-studies

Send us a message and we'll be happy to show you what it can do for your store.",2022.0,https://bark-ai.com,11-50,$50M - $100M,https://www.linkedin.com/company/bark-ai,,,,Seed Round,,False,"Technology, Information & Media",Software Development,7371 Custom computer programming services,541511 Custom Computer Programming Services,"adobe, artificial intelligent, discounts, ecommerce, headless commerce, magento, piano, predictive modeling, revenue forecasting, revenue intelligence, shopify, startups",Asia,Israel,Tel Aviv,IL
Cogniteam,Robotics control and fleet management platform,New physical capabilities / AI for traditional industries,AI robotics development platform,cogniteam.com,"Cogniteam is a startup company in the field of Robotics and AIoT.
Our goal is to become a world leader in robotics and AIoT markets, in particular in products requiring high levels of autonomy and intelligence. We welcome opportunities to partner with others in these emerging markets.",2019.0,https://cogniteam.com,11-50,$10M - $50M,https://www.linkedin.com/company/cogniteam,$13.1M,3.0,3300000.0,Series A,2021-09-22,False,"Technology, Information & Media",Software Development,7371 Custom computer programming services,541511 Custom Computer Programming Services,,Asia,Israel,,IL
ITC - Intelligent Traffic Control,AI-driven traffic signal optimisation,AI for traditional industries,Smart traffic control using AI,itc.city,"At ITC, we’re building software that solves traffic jams. Apart from being annoying, traffic jams are also terrible for humanity and the planet, costing billions of dollars per year and generating horrifying CO2 emissions. We’ve developed state-of-the-art computer vision and machine learning algorithms to predict traffic patterns and prevent jams before they even start to accumulate. It’s as sci-fi as it sounds.",2019.0,https://itc.city,11-50,,https://www.linkedin.com/company/itc-israel,$10M,4.0,5000000.0,Series A,,False,"Technology, Information & Media",Software Development,7371 Custom computer programming services,541511 Custom Computer Programming Services,,Asia,Israel,Tel Aviv,IL
ePack Advanced Technologies,Smart packaging technologies,New physical capabilities / AI for traditional industries,Packaging solutions with sensors,,,,,,,,,,,,,,,,,,,,,,
FleetCopter,"Long-range, heavy-lift drones",New physical capabilities,Industrial drone platforms,fleetcopter.com,"Capturing the action, anytime, anywhere!",2020.0,https://fleetcopter.com,1-10,,https://www.linkedin.com/company/fleetcopter,$250k,1.0,250000.0,Pre Seed Round,,False,"Technology, Information & Media",Software Development,,,,Asia,Israel,Petaẖ Tiqva,IL
Sainnovation,Autonomous or AI-enabled systems (unclear),New physical capabilities / AI for traditional industries,Potential robotics/AI systems,sainnovation.com,"SAInnovation is a world-class cutting-edge development firm with expertise in leveraging technology to solve business challenges and create new opportunities.

Our core strengths:
- Agile methodology of 3 months development cycles
- Ad hock tailored team of top Israeli talent assembled per project
- From design to execution, we excel at fast, high-quality DELIVERY

We partner up with companies, adjusting technology to solve business challenges and create new opportunities: Learning the Partner company's existing processes, needs, and challenges, collaboratively designing a simple digital product to solve them, and Dissecting and executing the development plan in our 3 months microproject methodology.

As our process focuses on the highest level of delivery, to each micro project, based on Its complexity, SAInnovation assembles a team of top Israeli talents, each expert in their own field.",2022.0,https://sainnovation.com,1-10,,https://www.linkedin.com/company/sainnovation,,,,,,,"Technology, Information & Media",Software Development,7371 Custom computer programming services,541511 Custom Computer Programming Services,"big data, business intelligence, cloud, cyber security, software development",Asia,Israel,Yavné,IL
Picafuel,Fuel management analytics platform,AI for traditional industries,Fuel management using AI,picafuel.com,"Picafuel is a SaaS fleet payment platform revolutionizing operations in the fuel retail industry. Our comprehensive platform offers fleet card management, mobile payments, customer engagement, and loyalty solutions. Picafuel helps retailers cut costs, improve margins, and prevent fuel fraud effectively.

Beyond card management, our platform drives innovation, allowing retailers to customize pricing, introduce new products, and enhance operations. With Picafuel's e-mobility capabilities, fuel retailers gain the tools to grow their business and stay ahead in an evolving market.",2017.0,https://picafuel.com,11-50,$1 - $1M,https://www.linkedin.com/company/picafuel,,,,,,,"Technology, Information & Media",Software Development,7371 Custom computer programming services,541511 Custom Computer Programming Services,"computer vision, deep learning, fleet card management, fleet payments, fuel retail, fuel retail solutions, loyalty programs, targeted marketing",Asia,Israel,Tel Aviv,IL
SWAPP.AI,AI automation for architectural planning,AI for traditional industries,AI-driven architectural design,swapp.fashion,"SWAPP’s platform automates the most cumbersome and error-prone architectural planning phase: the production of construction documents (CD).

SWAPP clients benefit from completing multiple projects simultaneously at a high speed and focusing more on creative planning and less on tedious repetitive manual labor.

By combining algorithms, human expertise and end-to-end customer support, firms using SWAPP are reaching unprecedented goals and significantly increase both their gross margin and productivity.

Learn more about us on our website >> www.swapp.ai",2019.0,https://swapp.fashion,11-50,$1M - $10M,https://www.linkedin.com/company/buildos,$18.5M,4.0,11500000.0,Series A,,False,"Technology, Information & Media",Software Development,7371 Custom computer programming services,541511 Custom Computer Programming Services,"architecture, architecture and planning, archviz, artificial intelligent, automation, build outs, building information modeling, building permits, commercial heating ventilation and air conditioning, computational design, construction, construction documents, contech, coworking, cre, design development, education, fit out, mep planning, multifamily, office, prop tech, property technology, real estate, residential development, schematic design, test fits, workspace",Asia,Israel,Tel Aviv,IL
Kardome,Advanced voice separation technology,AI reducing information asymmetry,Voice separation for better speech recognition,kardome.com,"Kardome’s patented Spatial Hearing technology simultaneously enhances speech signals from multiple speakers in real time, isolating the target speech with unsurpassed accuracy and enabling users to achieve high-quality results.

Kardome knows who is talking, where they're located, and what they're saying.

Kardome was established in 2019 by a team of enthusiastic and passionate researchers with vast experience in algorithms and acoustics. We are motivated and dedicated to making voice-controlled devices usable in all environments.

Visit our Website  Kardome.com to learn more or contact us at Info@kardome.com",2019.0,https://kardome.com,1-10,$10M - $50M,https://www.linkedin.com/company/kardome,$13.3M,6.0,10000000.0,Series A,2023-03-01,False,"Technology, Information & Media",Software Development,7371 Custom computer programming services,541511 Custom Computer Programming Services,"speech recognition, voice, voice recognition, voice technology",Asia,Israel,Tel Aviv,IL
